{
    "$schema": "http://schema.management.azure.com/schemas/2015-01-01/deploymentTemplate.json#",
    "contentVersion": "1.0.0.0",
    "parameters": {
        "factoryName": {
            "type": "string",
            "metadata": "Data Factory name",
            "defaultValue": "AdfPocTestNew"
        },
        "LS_AzureBlob_connectionString": {
            "type": "secureString",
            "metadata": "Secure string for 'connectionString' of 'LS_AzureBlob'"
        },
        "LS_OnPremSql_properties_typeProperties_server": {
            "type": "string",
            "defaultValue": "adfpocsqlserver123.database.windows.net"
        },
        "LS_OnPremSql_properties_typeProperties_database": {
            "type": "string",
            "defaultValue": "AdfMetadata"
        },
        "LS_OnPremSql_properties_typeProperties_userName": {
            "type": "string",
            "defaultValue": "sqladmin",
            "metadata": "SQL login username for Azure SQL Managed Instance"
        },
        "LS_OnPremSql_properties_typeProperties_passwordSecretName": {
            "type": "string",
            "metadata": "Key Vault secret name that stores the SQL password"
        },
        "LS_OnPremSql_properties_typeProperties_integrationRuntime": {
            "type": "string",
            "defaultValue": "SelfHostedIRName",
            "metadata": "Name of the self-hosted Integration Runtime to use for LS_OnPremSql"
        },
        "AzureKeyVault1_properties_typeProperties_baseUrl": {
            "type": "string",
            "defaultValue": "https://bt-sudhakar-eastus-kv-01.vault.azure.net/"
        },
        "containerUri": {
            "type": "string",
            "metadata": "URI to storage account containing linked ARM templates"
        },
        "containerSasToken": {
            "type": "string",
            "metadata": "Sas token to storage account containing linked ARM templates"
        }
    },
    "variables": {
        "factoryId": "[concat('Microsoft.DataFactory/factories/', parameters('factoryName'))]"
    },
    "resources": [
        {
            "name": "AdfPocTestNew_ArmTemplate_0",
            "type": "Microsoft.Resources/deployments",
            "apiVersion": "2024-03-01",
            "properties": {
                "mode": "incremental",
                "templateLink": {
                    "uri": "[concat(parameters('containerUri'), '/ArmTemplate_0.json', parameters('containerSasToken'))]",
                    "contentVersion": "1.0.0.0"
                },
                "parameters": {
                    "factoryName": {
                        "value": "[parameters('factoryName')]"
                    },
                    "LS_AzureBlob_connectionString": {
                        "value": "[parameters('LS_AzureBlob_connectionString')]"
                    },
                    "LS_OnPremSql_properties_typeProperties_server": {
                        "value": "[parameters('LS_OnPremSql_properties_typeProperties_server')]"
                    },
                    "LS_OnPremSql_properties_typeProperties_database": {
                        "value": "[parameters('LS_OnPremSql_properties_typeProperties_database')]"
                    },
                    "LS_OnPremSql_properties_typeProperties_userName": {
                        "value": "[parameters('LS_OnPremSql_properties_typeProperties_userName')]"
                    },
                    "LS_OnPremSql_properties_typeProperties_passwordSecretName": {
                        "value": "[parameters('LS_OnPremSql_properties_typeProperties_passwordSecretName')]"
                    },
                    "LS_OnPremSql_properties_typeProperties_integrationRuntime": {
                        "value": "[parameters('LS_OnPremSql_properties_typeProperties_integrationRuntime')]"
                    },
                    "AzureKeyVault1_properties_typeProperties_baseUrl": {
                        "value": "[parameters('AzureKeyVault1_properties_typeProperties_baseUrl')]"
                    }
                }
            },
            "dependsOn": []
        }
    ]
}
