{
    "$schema": "https://schema.management.azure.com/schemas/2015-01-01/deploymentParameters.json#",
    "contentVersion": "1.0.0.0",
    "parameters": {
        "factoryName": {
            "value": "AdfPocTestNew"
        },
        "LS_AzureBlob_connectionString": {
            "value": "DefaultEndpointsProtocol=https;EndpointSuffix=core.windows.net;AccountName=adfpocstorage1;AccountKey=wa7+hmXHP8+rigFBgivVLFYLnkESCsQAb3wPXUwaWKj13UjsnXH3uNmhTlKHmN8kYtqjH82M3kJ7+AStaQ+wOQ==;BlobEndpoint=https://adfpocstorage1.blob.core.windows.net/;FileEndpoint=https://adfpocstorage1.file.core.windows.net/;QueueEndpoint=https://adfpocstorage1.queue.core.windows.net/;TableEndpoint=https://adfpocstorage1.table.core.windows.net/"
        },
        "LS_OnPremSql_properties_typeProperties_server": {
            "value": "adfpocsqlserver123.database.windows.net"
        },
        "LS_OnPremSql_properties_typeProperties_database": {
            "value": "AdfMetadata"
        },
        "LS_OnPremSql_properties_typeProperties_userName": {
            "value": "sqladmin"
        },
        "LS_OnPremSql_properties_typeProperties_passwordSecretName": {
            "value": "<your-sql-password-secret-name>"
        },
        "LS_OnPremSql_properties_typeProperties_integrationRuntime": {
            "value": "SelfHostedIRName"
        },
        "AzureKeyVault1_properties_typeProperties_baseUrl": {
            "value": "https://bt-sudhakar-eastus-kv-01.vault.azure.net/"
        }
    }
}
